project_id,predicted_risk_pct,risk_level
LA-2021-0000,99.56,High
LA-2023-0001,93.47,High
LA-2023-0002,99.47,High
LA-2024-0003,0.11,Low
LA-2024-0004,99.92,High
LA-2022-0005,96.65,High
LA-2025-0006,0.04,Low
LA-2025-0007,0.26,Low
LA-2021-0008,99.98,High
LA-2025-0009,99.97,High
LA-2022-0010,96.93,High
LA-2024-0011,0.52,Low
LA-2022-0012,0.18,Low
LA-2025-0013,52.42,Medium
LA-2024-0014,0.28,Low
LA-2020-0015,99.27,High
LA-2024-0016,0.19,Low
LA-2024-0017,95.32,High
LA-2026-0018,92.52,High
LA-2025-0019,0.07,Low
LA-2021-0020,99.93,High
LA-2023-0021,96.99,High
LA-2021-0022,94.6,High
LA-2022-0023,10.43,Low
LA-2022-0024,95.87,High
LA-2025-0025,0.28,Low
LA-2024-0026,99.58,High
LA-2020-0027,95.3,High
LA-2021-0028,99.9,High
LA-2022-0029,4.21,Low
LA-2024-0030,0.53,Low
LA-2021-0031,0.84,Low
LA-2025-0032,97.84,High
LA-2023-0033,5.98,Low
LA-2024-0034,99.77,High
LA-2023-0035,0.72,Low
LA-2024-0036,97.18,High
LA-2022-0037,0.02,Low
LA-2021-0038,0.03,Low
LA-2023-0039,0.13,Low
LA-2023-0040,0.42,Low
LA-2020-0041,6.29,Low
LA-2023-0042,99.38,High
LA-2024-0043,0.92,Low
LA-2026-0044,96.88,High
LA-2022-0045,0.53,Low
LA-2021-0046,1.03,Low
LA-2021-0047,0.29,Low
LA-2023-0048,0.06,Low
LA-2024-0049,2.07,Low
LA-2023-0050,1.4,Low
LA-2023-0051,0.1,Low
LA-2023-0052,6.3,Low
LA-2024-0053,1.04,Low
LA-2020-0054,1.48,Low
LA-2021-0055,5.06,Low
LA-2023-0056,6.05,Low
LA-2022-0057,87.94,High
LA-2022-0058,98.14,High
LA-2021-0059,2.12,Low
LA-2021-0060,99.93,High
LA-2025-0061,92.75,High
LA-2023-0062,0.45,Low
LA-2024-0063,0.46,Low
LA-2022-0064,0.07,Low
LA-2026-0065,1.18,Low
LA-2022-0066,0.46,Low
LA-2025-0067,99.95,High
LA-2025-0068,1.82,Low
LA-2024-0069,94.95,High
LA-2023-0070,0.11,Low
LA-2024-0071,96.21,High
LA-2021-0072,0.82,Low
LA-2023-0073,0.24,Low
LA-2022-0074,0.12,Low
LA-2023-0075,93.56,High
LA-2024-0076,2.69,Low
LA-2022-0077,99.79,High
LA-2023-0078,0.11,Low
LA-2026-0079,98.65,High
LA-2025-0080,99.72,High
LA-2024-0081,99.83,High
LA-2022-0082,99.45,High
LA-2023-0083,12.12,Low
LA-2025-0084,99.9,High
LA-2023-0085,99.48,High
LA-2021-0086,4.85,Low
LA-2023-0087,99.99,High
LA-2022-0088,0.69,Low
LA-2023-0089,1.2,Low
LA-2025-0090,99.41,High
LA-2024-0091,0.13,Low
LA-2026-0092,96.95,High
LA-2022-0093,0.68,Low
LA-2024-0094,0.1,Low
LA-2021-0095,81.53,High
LA-2025-0096,94.88,High
LA-2021-0097,0.14,Low
LA-2025-0098,4.47,Low
LA-2024-0099,1.53,Low
LA-2023-0100,0.05,Low
LA-2022-0101,0.9,Low
LA-2024-0102,99.96,High
LA-2025-0103,0.03,Low
LA-2024-0104,1.23,Low
LA-2023-0105,0.04,Low
LA-2021-0106,0.07,Low
LA-2022-0107,5.6,Low
LA-2025-0108,0.08,Low
LA-2023-0109,99.43,High
LA-2022-0110,4.89,Low
LA-2023-0111,91.66,High
LA-2024-0112,97.04,High
LA-2021-0113,7.23,Low
LA-2026-0114,91.39,High
LA-2022-0115,0.59,Low
LA-2020-0116,88.81,High
LA-2021-0117,0.11,Low
LA-2021-0118,0.05,Low
LA-2025-0119,0.06,Low
LA-2023-0120,0.12,Low
LA-2026-0121,99.98,High
LA-2023-0122,63.32,High
LA-2025-0123,99.97,High
LA-2020-0124,98.86,High
LA-2023-0125,0.09,Low
LA-2021-0126,0.22,Low
LA-2022-0127,0.09,Low
LA-2026-0128,99.97,High
LA-2021-0129,0.15,Low
LA-2022-0130,0.3,Low
LA-2021-0131,0.13,Low
LA-2021-0132,0.16,Low
LA-2021-0133,0.35,Low
LA-2024-0134,0.02,Low
LA-2021-0135,0.89,Low
LA-2021-0136,0.08,Low
LA-2025-0137,96.69,High
LA-2021-0138,91.19,High
LA-2021-0139,99.92,High
LA-2020-0140,0.63,Low
LA-2023-0141,0.11,Low
LA-2021-0142,99.94,High
LA-2022-0143,0.32,Low
LA-2025-0144,96.78,High
LA-2024-0145,97.76,High
LA-2022-0146,99.83,High
LA-2023-0147,99.14,High
LA-2021-0148,99.94,High
LA-2026-0149,97.66,High
LA-2024-0150,0.45,Low
LA-2023-0151,97.21,High
LA-2025-0152,2.04,Low
LA-2022-0153,0.24,Low
LA-2022-0154,99.9,High
LA-2026-0155,99.89,High
LA-2021-0156,6.52,Low
LA-2021-0157,0.27,Low
LA-2023-0158,0.77,Low
LA-2021-0159,99.79,High
LA-2024-0160,90.26,High
LA-2023-0161,94.91,High
LA-2021-0162,85.25,High
LA-2022-0163,5.93,Low
LA-2023-0164,0.16,Low
LA-2021-0165,94.98,High
LA-2023-0166,8.46,Low
LA-2021-0167,96.23,High
LA-2024-0168,0.39,Low
LA-2021-0169,0.09,Low
LA-2023-0170,0.84,Low
LA-2023-0171,6.4,Low
LA-2021-0172,3.52,Low
LA-2024-0173,0.24,Low
LA-2025-0174,23.08,Low
LA-2025-0175,0.29,Low
LA-2025-0176,0.39,Low
LA-2021-0177,1.09,Low
LA-2023-0178,99.86,High
LA-2023-0179,0.19,Low
LA-2023-0180,3.53,Low
LA-2022-0181,99.86,High
LA-2023-0182,98.78,High
LA-2022-0183,1.46,Low
LA-2024-0184,7.3,Low
LA-2023-0185,99.01,High
LA-2021-0186,99.1,High
LA-2022-0187,3.41,Low
LA-2023-0188,1.33,Low
LA-2024-0189,92.36,High
LA-2025-0190,0.05,Low
LA-2024-0191,99.99,High
LA-2023-0192,0.11,Low
LA-2022-0193,5.73,Low
LA-2022-0194,99.75,High
LA-2021-0195,89.86,High
LA-2022-0196,0.17,Low
LA-2025-0197,96.75,High
LA-2021-0198,0.07,Low
LA-2025-0199,97.01,High
LA-2025-0200,0.06,Low
LA-2025-0201,4.04,Low
LA-2024-0202,89.85,High
LA-2025-0203,94.39,High
LA-2021-0204,99.65,High
LA-2021-0205,99.93,High
LA-2021-0206,99.93,High
LA-2022-0207,0.04,Low
LA-2020-0208,4.54,Low
LA-2022-0209,3.16,Low
LA-2025-0210,0.06,Low
LA-2021-0211,97.14,High
LA-2022-0212,0.15,Low
LA-2021-0213,4.8,Low
LA-2023-0214,81.8,High
LA-2024-0215,7.54,Low
LA-2022-0216,0.06,Low
LA-2022-0217,99.95,High
LA-2024-0218,0.58,Low
LA-2024-0219,99.96,High
LA-2022-0220,0.13,Low
LA-2020-0221,3.48,Low
LA-2024-0222,0.12,Low
LA-2021-0223,95.85,High
LA-2023-0224,0.02,Low
LA-2023-0225,5.13,Low
LA-2025-0226,0.1,Low
LA-2025-0227,4.04,Low
LA-2024-0228,0.31,Low
LA-2021-0229,99.96,High
LA-2020-0230,1.67,Low
LA-2024-0231,0.2,Low
LA-2024-0232,0.13,Low
LA-2024-0233,0.07,Low
LA-2022-0234,81.95,High
LA-2022-0235,0.67,Low
LA-2025-0236,1.21,Low
LA-2023-0237,99.08,High
LA-2025-0238,0.08,Low
LA-2022-0239,0.07,Low
LA-2023-0240,0.18,Low
LA-2021-0241,95.37,High
LA-2023-0242,4.24,Low
LA-2021-0243,0.66,Low
LA-2021-0244,83.04,High
LA-2022-0245,0.06,Low
LA-2025-0246,99.91,High
LA-2022-0247,0.74,Low
LA-2025-0248,2.03,Low
LA-2026-0249,0.69,Low
LA-2023-0250,98.42,High
LA-2025-0251,99.74,High
LA-2023-0252,0.07,Low
LA-2025-0253,7.89,Low
LA-2025-0254,99.95,High
LA-2024-0255,1.31,Low
LA-2020-0256,0.21,Low
LA-2024-0257,0.52,Low
LA-2022-0258,2.24,Low
LA-2024-0259,6.55,Low
LA-2024-0260,97.82,High
LA-2024-0261,1.73,Low
LA-2023-0262,98.44,High
LA-2021-0263,99.92,High
LA-2021-0264,0.03,Low
LA-2025-0265,1.08,Low
LA-2022-0266,94.62,High
LA-2020-0267,3.3,Low
LA-2023-0268,0.14,Low
LA-2024-0269,0.08,Low
LA-2025-0270,0.24,Low
LA-2022-0271,1.23,Low
LA-2021-0272,90.41,High
LA-2026-0273,99.14,High
LA-2025-0274,0.04,Low
LA-2025-0275,88.61,High
LA-2021-0276,11.21,Low
LA-2020-0277,4.57,Low
LA-2022-0278,99.52,High
LA-2024-0279,1.69,Low
LA-2022-0280,0.05,Low
LA-2022-0281,0.2,Low
LA-2021-0282,0.06,Low
LA-2020-0283,0.73,Low
LA-2025-0284,0.15,Low
LA-2025-0285,98.58,High
LA-2022-0286,2.38,Low
LA-2025-0287,1.8,Low
LA-2024-0288,0.04,Low
LA-2022-0289,0.67,Low
LA-2023-0290,99.34,High
LA-2022-0291,6.17,Low
LA-2023-0292,1.07,Low
LA-2022-0293,0.03,Low
LA-2023-0294,0.04,Low
LA-2023-0295,2.56,Low
LA-2021-0296,0.06,Low
LA-2025-0297,0.04,Low
LA-2025-0298,86.38,High
LA-2024-0299,1.57,Low
LA-2023-0300,8.63,Low
LA-2022-0301,99.22,High
LA-2021-0302,0.29,Low
LA-2026-0303,0.02,Low
LA-2022-0304,1.59,Low
LA-2023-0305,98.26,High
LA-2021-0306,0.31,Low
LA-2023-0307,0.7,Low
LA-2021-0308,0.46,Low
LA-2025-0309,2.02,Low
LA-2022-0310,0.34,Low
LA-2020-0311,0.28,Low
LA-2022-0312,0.54,Low
LA-2023-0313,93.11,High
LA-2023-0314,0.16,Low
LA-2024-0315,0.99,Low
LA-2024-0316,0.16,Low
LA-2025-0317,99.39,High
LA-2024-0318,99.98,High
LA-2022-0319,1.07,Low
LA-2021-0320,99.8,High
LA-2021-0321,89.57,High
LA-2023-0322,6.48,Low
LA-2023-0323,0.67,Low
LA-2024-0324,5.51,Low
LA-2024-0325,64.73,High
LA-2022-0326,99.96,High
LA-2023-0327,1.14,Low
LA-2020-0328,0.04,Low
LA-2020-0329,0.56,Low
LA-2024-0330,99.45,High
LA-2025-0331,4.05,Low
LA-2025-0332,13.99,Low
LA-2024-0333,0.89,Low
LA-2023-0334,0.11,Low
LA-2024-0335,0.04,Low
LA-2022-0336,32.39,Medium
LA-2025-0337,2.37,Low
LA-2022-0338,99.99,High
LA-2021-0339,94.53,High
LA-2024-0340,0.25,Low
LA-2024-0341,99.95,High
LA-2022-0342,3.31,Low
LA-2020-0343,99.06,High
LA-2020-0344,0.43,Low
LA-2023-0345,1.4,Low
LA-2023-0346,91.21,High
LA-2022-0347,0.34,Low
LA-2021-0348,93.02,High
LA-2023-0349,89.33,High
LA-2023-0350,87.4,High
LA-2025-0351,0.11,Low
LA-2023-0352,0.19,Low
LA-2021-0353,87.47,High
LA-2025-0354,0.03,Low
LA-2022-0355,0.3,Low
LA-2021-0356,0.51,Low
LA-2021-0357,1.28,Low
LA-2021-0358,0.48,Low
LA-2021-0359,99.09,High
LA-2022-0360,99.96,High
LA-2021-0361,1.3,Low
LA-2024-0362,1.42,Low
LA-2023-0363,5.62,Low
LA-2022-0364,99.73,High
LA-2026-0365,9.33,Low
LA-2023-0366,0.05,Low
LA-2022-0367,0.04,Low
LA-2025-0368,0.19,Low
LA-2022-0369,0.52,Low
LA-2025-0370,99.9,High
LA-2021-0371,1.42,Low
LA-2021-0372,0.46,Low
LA-2021-0373,43.64,Medium
LA-2023-0374,0.52,Low
LA-2022-0375,98.86,High
LA-2025-0376,94.73,High
LA-2025-0377,0.05,Low
LA-2023-0378,96.05,High
LA-2023-0379,1.27,Low
LA-2021-0380,99.69,High
LA-2025-0381,0.65,Low
LA-2025-0382,24.68,Low
LA-2021-0383,95.22,High
LA-2022-0384,99.07,High
LA-2021-0385,74.36,High
LA-2025-0386,0.09,Low
LA-2025-0387,97.49,High
LA-2021-0388,1.75,Low
LA-2021-0389,0.26,Low
LA-2021-0390,96.71,High
LA-2025-0391,0.21,Low
LA-2023-0392,90.97,High
LA-2025-0393,99.61,High
LA-2026-0394,5.96,Low
LA-2024-0395,99.98,High
LA-2021-0396,0.6,Low
LA-2024-0397,7.21,Low
LA-2021-0398,0.04,Low
LA-2024-0399,11.56,Low
LA-2022-0400,0.07,Low
LA-2023-0401,90.96,High
LA-2023-0402,0.37,Low
LA-2025-0403,0.06,Low
LA-2022-0404,0.13,Low
LA-2021-0405,21.14,Low
LA-2021-0406,0.46,Low
LA-2023-0407,1.84,Low
LA-2023-0408,0.15,Low
LA-2023-0409,97.9,High
LA-2021-0410,1.37,Low
LA-2023-0411,0.05,Low
LA-2025-0412,10.93,Low
LA-2021-0413,97.75,High
LA-2023-0414,1.51,Low
LA-2023-0415,99.64,High
LA-2024-0416,88.26,High
LA-2024-0417,4.17,Low
LA-2025-0418,99.17,High
LA-2024-0419,0.19,Low
LA-2022-0420,0.07,Low
LA-2021-0421,7.31,Low
LA-2022-0422,0.58,Low
LA-2022-0423,93.93,High
LA-2023-0424,88.85,High
LA-2022-0425,93.79,High
LA-2021-0426,99.68,High
LA-2022-0427,0.09,Low
LA-2022-0428,90.08,High
LA-2025-0429,1.19,Low
LA-2023-0430,82.27,High
LA-2021-0431,0.05,Low
LA-2024-0432,0.58,Low
LA-2021-0433,7.84,Low
LA-2022-0434,0.42,Low
LA-2022-0435,0.03,Low
LA-2025-0436,0.24,Low
LA-2021-0437,0.13,Low
LA-2021-0438,98.5,High
LA-2023-0439,0.05,Low
LA-2025-0440,9.17,Low
LA-2024-0441,99.97,High
LA-2023-0442,0.12,Low
LA-2025-0443,95.64,High
LA-2024-0444,11.37,Low
LA-2024-0445,0.76,Low
LA-2025-0446,0.11,Low
LA-2025-0447,0.36,Low
LA-2020-0448,93.87,High
LA-2025-0449,88.5,High
LA-2021-0450,99.64,High
LA-2021-0451,99.86,High
LA-2023-0452,96.81,High
LA-2023-0453,0.04,Low
LA-2022-0454,99.9,High
LA-2022-0455,1.41,Low
LA-2022-0456,96.37,High
LA-2020-0457,0.27,Low
LA-2025-0458,0.86,Low
LA-2022-0459,95.84,High
LA-2023-0460,99.87,High
LA-2025-0461,0.6,Low
LA-2023-0462,0.19,Low
LA-2021-0463,0.06,Low
LA-2020-0464,1.31,Low
LA-2026-0465,98.27,High
LA-2024-0466,0.57,Low
LA-2023-0467,99.17,High
LA-2021-0468,3.77,Low
LA-2024-0469,8.47,Low
LA-2020-0470,1.28,Low
LA-2025-0471,0.08,Low
LA-2023-0472,0.65,Low
LA-2020-0473,0.67,Low
LA-2023-0474,3.59,Low
LA-2024-0475,97.65,High
LA-2024-0476,99.81,High
LA-2023-0477,99.97,High
LA-2020-0478,95.77,High
LA-2024-0479,4.33,Low
LA-2023-0480,58.73,Medium
LA-2026-0481,0.1,Low
LA-2024-0482,95.43,High
LA-2025-0483,0.01,Low
LA-2025-0484,0.07,Low
LA-2023-0485,5.72,Low
LA-2022-0486,0.06,Low
LA-2024-0487,93.79,High
LA-2023-0488,92.19,High
LA-2021-0489,9.5,Low
LA-2025-0490,6.58,Low
LA-2024-0491,0.06,Low
LA-2021-0492,99.74,High
LA-2021-0493,99.68,High
LA-2021-0494,0.03,Low
LA-2023-0495,0.12,Low
LA-2022-0496,0.06,Low
LA-2021-0497,1.77,Low
LA-2021-0498,0.03,Low
LA-2020-0499,0.34,Low
LA-2023-0500,0.06,Low
LA-2025-0501,94.51,High
LA-2023-0502,9.04,Low
LA-2020-0503,94.69,High
LA-2024-0504,99.91,High
LA-2023-0505,0.5,Low
LA-2022-0506,0.52,Low
LA-2021-0507,1.8,Low
LA-2020-0508,3.52,Low
LA-2025-0509,0.4,Low
LA-2022-0510,0.02,Low
LA-2024-0511,3.89,Low
LA-2021-0512,99.86,High
LA-2021-0513,95.93,High
LA-2022-0514,88.83,High
LA-2021-0515,0.98,Low
LA-2023-0516,0.07,Low
LA-2021-0517,3.79,Low
LA-2020-0518,12.76,Low
LA-2022-0519,99.99,High
LA-2022-0520,99.26,High
LA-2023-0521,0.04,Low
LA-2025-0522,0.08,Low
LA-2025-0523,99.28,High
LA-2022-0524,99.84,High
LA-2022-0525,99.97,High
LA-2024-0526,99.98,High
LA-2022-0527,5.04,Low
LA-2024-0528,3.73,Low
LA-2022-0529,1.48,Low
LA-2024-0530,5.08,Low
LA-2022-0531,9.22,Low
LA-2021-0532,99.52,High
LA-2021-0533,0.29,Low
LA-2024-0534,99.82,High
LA-2021-0535,99.96,High
LA-2021-0536,0.03,Low
LA-2021-0537,1.04,Low
LA-2021-0538,91.23,High
LA-2023-0539,1.03,Low
LA-2023-0540,9.49,Low
LA-2020-0541,88.7,High
LA-2021-0542,0.52,Low
LA-2022-0543,6.86,Low
LA-2022-0544,99.64,High
LA-2023-0545,1.72,Low
LA-2024-0546,1.16,Low
LA-2022-0547,99.31,High
LA-2021-0548,99.67,High
LA-2021-0549,1.14,Low
LA-2024-0550,2.37,Low
LA-2022-0551,2.72,Low
LA-2023-0552,0.13,Low
LA-2021-0553,1.04,Low
LA-2024-0554,1.05,Low
LA-2022-0555,99.26,High
LA-2023-0556,0.07,Low
LA-2025-0557,99.96,High
LA-2025-0558,0.35,Low
LA-2023-0559,0.58,Low
LA-2023-0560,99.01,High
LA-2022-0561,1.75,Low
LA-2022-0562,99.96,High
LA-2022-0563,98.57,High
LA-2023-0564,0.06,Low
LA-2024-0565,4.99,Low
LA-2025-0566,0.07,Low
LA-2023-0567,4.51,Low
LA-2021-0568,0.08,Low
LA-2020-0569,3.35,Low
LA-2021-0570,0.22,Low
LA-2025-0571,1.58,Low
LA-2026-0572,6.9,Low
LA-2025-0573,1.4,Low
LA-2024-0574,0.44,Low
LA-2022-0575,0.06,Low
LA-2021-0576,0.64,Low
LA-2023-0577,0.24,Low
LA-2022-0578,0.19,Low
LA-2025-0579,0.03,Low
LA-2021-0580,0.05,Low
LA-2021-0581,0.42,Low
LA-2023-0582,0.13,Low
LA-2022-0583,0.11,Low
LA-2021-0584,99.94,High
LA-2021-0585,0.07,Low
LA-2024-0586,99.6,High
LA-2023-0587,85.21,High
LA-2024-0588,0.05,Low
LA-2025-0589,0.04,Low
LA-2022-0590,0.08,Low
LA-2023-0591,0.38,Low
LA-2023-0592,0.3,Low
LA-2021-0593,3.15,Low
LA-2025-0594,1.03,Low
LA-2022-0595,0.03,Low
LA-2021-0596,0.81,Low
LA-2024-0597,96.12,High
LA-2021-0598,1.97,Low
LA-2025-0599,2.35,Low
LA-2026-0600,0.35,Low
LA-2024-0601,0.03,Low
LA-2020-0602,0.12,Low
LA-2024-0603,50.9,Medium
LA-2023-0604,82.28,High
LA-2021-0605,0.02,Low
LA-2022-0606,0.09,Low
LA-2021-0607,0.06,Low
LA-2024-0608,2.77,Low
LA-2024-0609,99.91,High
LA-2021-0610,6.85,Low
LA-2022-0611,0.02,Low
LA-2020-0612,2.41,Low
LA-2025-0613,0.13,Low
LA-2024-0614,0.05,Low
LA-2025-0615,0.06,Low
LA-2024-0616,0.04,Low
LA-2021-0617,1.63,Low
LA-2022-0618,0.89,Low
LA-2021-0619,99.96,High
LA-2021-0620,0.05,Low
LA-2023-0621,0.69,Low
LA-2022-0622,2.52,Low
LA-2023-0623,10.92,Low
LA-2025-0624,1.4,Low
LA-2025-0625,0.1,Low
LA-2020-0626,0.05,Low
LA-2024-0627,3.0,Low
LA-2024-0628,0.61,Low
LA-2020-0629,90.64,High
LA-2024-0630,0.13,Low
LA-2023-0631,0.05,Low
LA-2024-0632,96.11,High
LA-2025-0633,99.62,High
LA-2021-0634,0.53,Low
LA-2021-0635,93.51,High
LA-2023-0636,99.95,High
LA-2021-0637,0.94,Low
LA-2024-0638,1.34,Low
LA-2023-0639,8.66,Low
LA-2026-0640,0.18,Low
LA-2022-0641,1.59,Low
LA-2026-0642,94.24,High
LA-2022-0643,2.4,Low
LA-2021-0644,0.03,Low
LA-2021-0645,0.07,Low
LA-2021-0646,98.7,High
LA-2025-0647,92.39,High
LA-2024-0648,99.48,High
LA-2023-0649,99.4,High
LA-2023-0650,0.49,Low
LA-2022-0651,4.55,Low
LA-2025-0652,99.92,High
LA-2025-0653,99.84,High
LA-2024-0654,0.07,Low
LA-2022-0655,99.89,High
LA-2025-0656,0.1,Low
LA-2024-0657,99.92,High
LA-2025-0658,99.94,High
LA-2021-0659,99.89,High
LA-2021-0660,1.09,Low
LA-2021-0661,0.05,Low
LA-2023-0662,84.0,High
LA-2022-0663,5.8,Low
LA-2023-0664,2.43,Low
LA-2025-0665,99.98,High
LA-2025-0666,0.35,Low
LA-2024-0667,99.11,High
LA-2020-0668,0.02,Low
LA-2022-0669,1.84,Low
LA-2020-0670,89.05,High
LA-2024-0671,99.68,High
LA-2025-0672,4.83,Low
LA-2024-0673,2.13,Low
LA-2023-0674,0.27,Low
LA-2022-0675,0.07,Low
LA-2025-0676,96.38,High
LA-2023-0677,93.55,High
LA-2024-0678,0.05,Low
LA-2022-0679,92.78,High
LA-2023-0680,99.99,High
LA-2026-0681,0.03,Low
LA-2023-0682,0.75,Low
LA-2022-0683,1.41,Low
LA-2022-0684,0.09,Low
LA-2021-0685,98.66,High
LA-2021-0686,0.67,Low
LA-2025-0687,0.02,Low
LA-2023-0688,0.03,Low
LA-2022-0689,0.05,Low
LA-2026-0690,3.35,Low
LA-2024-0691,88.48,High
LA-2020-0692,5.38,Low
LA-2022-0693,6.8,Low
LA-2023-0694,99.84,High
LA-2023-0695,0.49,Low
LA-2022-0696,95.2,High
LA-2021-0697,0.48,Low
LA-2021-0698,1.73,Low
LA-2024-0699,0.09,Low
LA-2024-0700,0.03,Low
LA-2025-0701,99.2,High
LA-2024-0702,1.67,Low
LA-2024-0703,92.17,High
LA-2020-0704,97.3,High
LA-2024-0705,0.03,Low
LA-2024-0706,4.36,Low
LA-2025-0707,5.34,Low
LA-2024-0708,0.05,Low
LA-2025-0709,0.06,Low
LA-2021-0710,1.05,Low
LA-2024-0711,90.34,High
LA-2022-0712,0.08,Low
LA-2024-0713,95.24,High
LA-2023-0714,95.22,High
LA-2022-0715,0.05,Low
LA-2021-0716,0.69,Low
LA-2023-0717,98.55,High
LA-2021-0718,1.75,Low
LA-2025-0719,0.46,Low
LA-2025-0720,86.17,High
LA-2025-0721,99.94,High
LA-2022-0722,2.27,Low
LA-2023-0723,3.27,Low
LA-2025-0724,2.74,Low
LA-2024-0725,2.92,Low
LA-2021-0726,0.02,Low
LA-2021-0727,0.02,Low
LA-2022-0728,6.24,Low
LA-2020-0729,97.99,High
LA-2025-0730,99.38,High
LA-2024-0731,1.07,Low
LA-2022-0732,99.4,High
LA-2022-0733,98.89,High
LA-2023-0734,0.13,Low
LA-2025-0735,94.67,High
LA-2024-0736,0.17,Low
LA-2024-0737,0.06,Low
LA-2023-0738,99.87,High
LA-2024-0739,0.76,Low
LA-2023-0740,5.7,Low
LA-2021-0741,1.37,Low
LA-2024-0742,99.69,High
LA-2024-0743,0.04,Low
LA-2025-0744,93.92,High
LA-2025-0745,1.78,Low
LA-2022-0746,0.06,Low
LA-2023-0747,99.97,High
LA-2020-0748,0.27,Low
LA-2023-0749,0.02,Low
LA-2024-0750,0.11,Low
LA-2021-0751,0.02,Low
LA-2023-0752,0.02,Low
LA-2022-0753,0.06,Low
LA-2026-0754,0.29,Low
LA-2024-0755,0.05,Low
LA-2021-0756,3.43,Low
LA-2024-0757,2.42,Low
LA-2024-0758,84.62,High
LA-2022-0759,1.28,Low
LA-2021-0760,48.77,Medium
LA-2021-0761,99.42,High
LA-2024-0762,1.19,Low
LA-2024-0763,99.97,High
LA-2022-0764,3.04,Low
LA-2020-0765,6.74,Low
LA-2025-0766,0.91,Low
LA-2024-0767,0.19,Low
LA-2024-0768,12.22,Low
LA-2021-0769,99.54,High
LA-2026-0770,0.9,Low
LA-2024-0771,0.29,Low
LA-2023-0772,0.35,Low
LA-2025-0773,0.04,Low
LA-2021-0774,2.03,Low
LA-2025-0775,0.49,Low
LA-2022-0776,0.04,Low
LA-2022-0777,0.2,Low
LA-2026-0778,0.04,Low
LA-2022-0779,2.27,Low
LA-2024-0780,0.1,Low
LA-2020-0781,99.62,High
LA-2024-0782,97.49,High
LA-2024-0783,0.19,Low
LA-2023-0784,0.52,Low
LA-2022-0785,0.1,Low
LA-2020-0786,1.73,Low
LA-2022-0787,0.44,Low
LA-2022-0788,0.08,Low
LA-2020-0789,2.24,Low
LA-2023-0790,89.64,High
LA-2025-0791,4.05,Low
LA-2024-0792,0.85,Low
LA-2022-0793,0.11,Low
LA-2024-0794,0.48,Low
LA-2024-0795,1.0,Low
LA-2021-0796,0.09,Low
LA-2025-0797,98.74,High
LA-2024-0798,0.19,Low
LA-2025-0799,0.06,Low
LA-2025-0800,0.7,Low
LA-2022-0801,0.63,Low
LA-2022-0802,98.36,High
LA-2023-0803,86.37,High
LA-2021-0804,3.57,Low
LA-2025-0805,95.26,High
LA-2022-0806,99.53,High
LA-2020-0807,0.64,Low
LA-2025-0808,0.47,Low
LA-2025-0809,0.29,Low
LA-2023-0810,0.19,Low
LA-2021-0811,9.86,Low
LA-2025-0812,99.92,High
LA-2022-0813,1.5,Low
LA-2022-0814,2.11,Low
LA-2022-0815,1.69,Low
LA-2023-0816,0.13,Low
LA-2024-0817,0.04,Low
LA-2022-0818,0.45,Low
LA-2023-0819,6.57,Low
LA-2023-0820,0.78,Low
LA-2024-0821,95.47,High
LA-2024-0822,0.03,Low
LA-2025-0823,3.85,Low
LA-2022-0824,0.11,Low
LA-2022-0825,0.06,Low
LA-2023-0826,95.2,High
LA-2023-0827,0.61,Low
LA-2024-0828,0.03,Low
LA-2022-0829,99.95,High
LA-2020-0830,0.09,Low
LA-2021-0831,99.05,High
LA-2021-0832,8.5,Low
LA-2021-0833,1.76,Low
LA-2025-0834,2.59,Low
LA-2022-0835,0.09,Low
LA-2025-0836,3.23,Low
LA-2023-0837,1.61,Low
LA-2022-0838,85.6,High
LA-2021-0839,99.96,High
LA-2023-0840,98.06,High
LA-2021-0841,0.03,Low
LA-2020-0842,0.03,Low
LA-2025-0843,99.9,High
LA-2020-0844,0.02,Low
LA-2021-0845,0.34,Low
LA-2025-0846,0.05,Low
LA-2022-0847,99.98,High
LA-2022-0848,2.95,Low
LA-2025-0849,87.78,High
