project_id,predicted_delay_days
LA-2021-0000,578
LA-2023-0001,391
LA-2023-0002,190
LA-2024-0003,41
LA-2024-0004,231
LA-2022-0005,173
LA-2025-0006,6
LA-2025-0007,36
LA-2021-0008,504
LA-2025-0009,520
LA-2022-0010,275
LA-2024-0011,20
LA-2022-0012,13
LA-2025-0013,221
LA-2024-0014,40
LA-2020-0015,233
LA-2024-0016,19
LA-2024-0017,673
LA-2026-0018,87
LA-2025-0019,9
LA-2021-0020,178
LA-2023-0021,200
LA-2021-0022,216
LA-2022-0023,174
LA-2022-0024,134
LA-2025-0025,22
LA-2024-0026,382
LA-2020-0027,109
LA-2021-0028,778
LA-2022-0029,65
LA-2024-0030,19
LA-2021-0031,66
LA-2025-0032,242
LA-2023-0033,104
LA-2024-0034,144
LA-2023-0035,41
LA-2024-0036,311
LA-2022-0037,12
LA-2021-0038,0
LA-2023-0039,33
LA-2023-0040,21
LA-2020-0041,121
LA-2023-0042,248
LA-2024-0043,65
LA-2026-0044,298
LA-2022-0045,65
LA-2021-0046,46
LA-2021-0047,19
LA-2023-0048,10
LA-2024-0049,65
LA-2023-0050,79
LA-2023-0051,39
LA-2023-0052,231
LA-2024-0053,77
LA-2020-0054,72
LA-2021-0055,54
LA-2023-0056,104
LA-2022-0057,218
LA-2022-0058,224
LA-2021-0059,118
LA-2021-0060,489
LA-2025-0061,170
LA-2023-0062,48
LA-2024-0063,18
LA-2022-0064,0
LA-2026-0065,65
LA-2022-0066,0
LA-2025-0067,377
LA-2025-0068,59
LA-2024-0069,255
LA-2023-0070,18
LA-2024-0071,582
LA-2021-0072,51
LA-2023-0073,16
LA-2022-0074,22
LA-2023-0075,327
LA-2024-0076,81
LA-2022-0077,925
LA-2023-0078,2
LA-2026-0079,295
LA-2025-0080,525
LA-2024-0081,306
LA-2022-0082,398
LA-2023-0083,145
LA-2025-0084,280
LA-2023-0085,350
LA-2021-0086,85
LA-2023-0087,842
LA-2022-0088,43
LA-2023-0089,30
LA-2025-0090,904
LA-2024-0091,2
LA-2026-0092,298
LA-2022-0093,36
LA-2024-0094,8
LA-2021-0095,66
LA-2025-0096,114
LA-2021-0097,9
LA-2025-0098,14
LA-2024-0099,28
LA-2023-0100,5
LA-2022-0101,60
LA-2024-0102,941
LA-2025-0103,0
LA-2024-0104,84
LA-2023-0105,11
LA-2021-0106,7
LA-2022-0107,83
LA-2025-0108,4
LA-2023-0109,387
LA-2022-0110,49
LA-2023-0111,185
LA-2024-0112,208
LA-2021-0113,136
LA-2026-0114,200
LA-2022-0115,14
LA-2020-0116,117
LA-2021-0117,13
LA-2021-0118,8
LA-2025-0119,0
LA-2023-0120,18
LA-2026-0121,717
LA-2023-0122,146
LA-2025-0123,355
LA-2020-0124,227
LA-2023-0125,18
LA-2021-0126,1
LA-2022-0127,10
LA-2026-0128,546
LA-2021-0129,1
LA-2022-0130,6
LA-2021-0131,1
LA-2021-0132,10
LA-2021-0133,10
LA-2024-0134,41
LA-2021-0135,51
LA-2021-0136,15
LA-2025-0137,368
LA-2021-0138,514
LA-2021-0139,233
LA-2020-0140,57
LA-2023-0141,4
LA-2021-0142,198
LA-2022-0143,65
LA-2025-0144,141
LA-2024-0145,364
LA-2022-0146,434
LA-2023-0147,138
LA-2021-0148,410
LA-2026-0149,235
LA-2024-0150,12
LA-2023-0151,198
LA-2025-0152,18
LA-2022-0153,16
LA-2022-0154,146
LA-2026-0155,278
LA-2021-0156,246
LA-2021-0157,37
LA-2023-0158,55
LA-2021-0159,140
LA-2024-0160,120
LA-2023-0161,360
LA-2021-0162,338
LA-2022-0163,188
LA-2023-0164,20
LA-2021-0165,35
LA-2023-0166,104
LA-2021-0167,126
LA-2024-0168,28
LA-2021-0169,45
LA-2023-0170,39
LA-2023-0171,119
LA-2021-0172,42
LA-2024-0173,2
LA-2025-0174,129
LA-2025-0175,38
LA-2025-0176,98
LA-2021-0177,10
LA-2023-0178,216
LA-2023-0179,18
LA-2023-0180,50
LA-2022-0181,285
LA-2023-0182,125
LA-2022-0183,32
LA-2024-0184,45
LA-2023-0185,163
LA-2021-0186,383
LA-2022-0187,65
LA-2023-0188,106
LA-2024-0189,214
LA-2025-0190,7
LA-2024-0191,401
LA-2023-0192,6
LA-2022-0193,131
LA-2022-0194,833
LA-2021-0195,17
LA-2022-0196,11
LA-2025-0197,281
LA-2021-0198,0
LA-2025-0199,110
LA-2025-0200,2
LA-2025-0201,95
LA-2024-0202,124
LA-2025-0203,135
LA-2021-0204,439
LA-2021-0205,171
LA-2021-0206,280
LA-2022-0207,5
LA-2020-0208,46
LA-2022-0209,82
LA-2025-0210,0
LA-2021-0211,130
LA-2022-0212,32
LA-2021-0213,103
LA-2023-0214,82
LA-2024-0215,102
LA-2022-0216,0
LA-2022-0217,188
LA-2024-0218,82
LA-2024-0219,283
LA-2022-0220,7
LA-2020-0221,85
LA-2024-0222,6
LA-2021-0223,379
LA-2023-0224,6
LA-2023-0225,104
LA-2025-0226,6
LA-2025-0227,61
LA-2024-0228,54
LA-2021-0229,347
LA-2020-0230,49
LA-2024-0231,4
LA-2024-0232,6
LA-2024-0233,23
LA-2022-0234,310
LA-2022-0235,92
LA-2025-0236,46
LA-2023-0237,461
LA-2025-0238,42
LA-2022-0239,2
LA-2023-0240,0
LA-2021-0241,270
LA-2023-0242,110
LA-2021-0243,11
LA-2021-0244,313
LA-2022-0245,23
LA-2025-0246,540
LA-2022-0247,35
LA-2025-0248,23
LA-2026-0249,18
LA-2023-0250,296
LA-2025-0251,335
LA-2023-0252,4
LA-2025-0253,199
LA-2025-0254,338
LA-2024-0255,37
LA-2020-0256,0
LA-2024-0257,24
LA-2022-0258,68
LA-2024-0259,184
LA-2024-0260,141
LA-2024-0261,44
LA-2023-0262,229
LA-2021-0263,169
LA-2021-0264,0
LA-2025-0265,94
LA-2022-0266,476
LA-2020-0267,8
LA-2023-0268,0
LA-2024-0269,8
LA-2025-0270,0
LA-2022-0271,48
LA-2021-0272,424
LA-2026-0273,131
LA-2025-0274,6
LA-2025-0275,62
LA-2021-0276,46
LA-2020-0277,89
LA-2022-0278,161
LA-2024-0279,95
LA-2022-0280,2
LA-2022-0281,27
LA-2021-0282,2
LA-2020-0283,38
LA-2025-0284,0
LA-2025-0285,332
LA-2022-0286,73
LA-2025-0287,131
LA-2024-0288,1
LA-2022-0289,31
LA-2023-0290,125
LA-2022-0291,84
LA-2023-0292,51
LA-2022-0293,0
LA-2023-0294,4
LA-2023-0295,64
LA-2021-0296,0
LA-2025-0297,0
LA-2025-0298,62
LA-2024-0299,37
LA-2023-0300,70
LA-2022-0301,829
LA-2021-0302,39
LA-2026-0303,1
LA-2022-0304,38
LA-2023-0305,199
LA-2021-0306,47
LA-2023-0307,59
LA-2021-0308,20
LA-2025-0309,31
LA-2022-0310,19
LA-2020-0311,22
LA-2022-0312,34
LA-2023-0313,199
LA-2023-0314,56
LA-2024-0315,19
LA-2024-0316,20
LA-2025-0317,326
LA-2024-0318,383
LA-2022-0319,36
LA-2021-0320,130
LA-2021-0321,104
LA-2023-0322,72
LA-2023-0323,32
LA-2024-0324,57
LA-2024-0325,243
LA-2022-0326,621
LA-2023-0327,43
LA-2020-0328,2
LA-2020-0329,24
LA-2024-0330,303
LA-2025-0331,19
LA-2025-0332,157
LA-2024-0333,63
LA-2023-0334,11
LA-2024-0335,1
LA-2022-0336,109
LA-2025-0337,16
LA-2022-0338,355
LA-2021-0339,187
LA-2024-0340,47
LA-2024-0341,407
LA-2022-0342,145
LA-2020-0343,208
LA-2020-0344,34
LA-2023-0345,74
LA-2023-0346,538
LA-2022-0347,37
LA-2021-0348,91
LA-2023-0349,38
LA-2023-0350,108
LA-2025-0351,17
LA-2023-0352,35
LA-2021-0353,216
LA-2025-0354,0
LA-2022-0355,48
LA-2021-0356,11
LA-2021-0357,78
LA-2021-0358,58
LA-2021-0359,144
LA-2022-0360,385
LA-2021-0361,8
LA-2024-0362,54
LA-2023-0363,174
LA-2022-0364,865
LA-2026-0365,113
LA-2023-0366,6
LA-2022-0367,5
LA-2025-0368,0
LA-2022-0369,56
LA-2025-0370,597
LA-2021-0371,60
LA-2021-0372,83
LA-2021-0373,187
LA-2023-0374,6
LA-2022-0375,168
LA-2025-0376,130
LA-2025-0377,51
LA-2023-0378,131
LA-2023-0379,35
LA-2021-0380,393
LA-2025-0381,25
LA-2025-0382,269
LA-2021-0383,200
LA-2022-0384,151
LA-2021-0385,194
LA-2025-0386,10
LA-2025-0387,206
LA-2021-0388,92
LA-2021-0389,18
LA-2021-0390,276
LA-2025-0391,60
LA-2023-0392,137
LA-2025-0393,156
LA-2026-0394,232
LA-2024-0395,226
LA-2021-0396,26
LA-2024-0397,87
LA-2021-0398,22
LA-2024-0399,82
LA-2022-0400,0
LA-2023-0401,249
LA-2023-0402,3
LA-2025-0403,1
LA-2022-0404,0
LA-2021-0405,186
LA-2021-0406,28
LA-2023-0407,22
LA-2023-0408,39
LA-2023-0409,515
LA-2021-0410,162
LA-2023-0411,5
LA-2025-0412,102
LA-2021-0413,202
LA-2023-0414,83
LA-2023-0415,206
LA-2024-0416,27
LA-2024-0417,111
LA-2025-0418,483
LA-2024-0419,45
LA-2022-0420,8
LA-2021-0421,45
LA-2022-0422,30
LA-2022-0423,514
LA-2023-0424,124
LA-2022-0425,206
LA-2021-0426,267
LA-2022-0427,38
LA-2022-0428,246
LA-2025-0429,23
LA-2023-0430,130
LA-2021-0431,3
LA-2024-0432,22
LA-2021-0433,61
LA-2022-0434,59
LA-2022-0435,1
LA-2025-0436,17
LA-2021-0437,55
LA-2021-0438,519
LA-2023-0439,2
LA-2025-0440,102
LA-2024-0441,588
LA-2023-0442,27
LA-2025-0443,229
LA-2024-0444,89
LA-2024-0445,0
LA-2025-0446,6
LA-2025-0447,51
LA-2020-0448,88
LA-2025-0449,375
LA-2021-0450,843
LA-2021-0451,296
LA-2023-0452,374
LA-2023-0453,8
LA-2022-0454,182
LA-2022-0455,67
LA-2022-0456,750
LA-2020-0457,21
LA-2025-0458,59
LA-2022-0459,137
LA-2023-0460,210
LA-2025-0461,46
LA-2023-0462,0
LA-2021-0463,6
LA-2020-0464,60
LA-2026-0465,407
LA-2024-0466,49
LA-2023-0467,222
LA-2021-0468,120
LA-2024-0469,244
LA-2020-0470,63
LA-2025-0471,6
LA-2023-0472,12
LA-2020-0473,62
LA-2023-0474,80
LA-2024-0475,316
LA-2024-0476,186
LA-2023-0477,356
LA-2020-0478,361
LA-2024-0479,83
LA-2023-0480,217
LA-2026-0481,6
LA-2024-0482,261
LA-2025-0483,3
LA-2025-0484,2
LA-2023-0485,65
LA-2022-0486,4
LA-2024-0487,141
LA-2023-0488,194
LA-2021-0489,124
LA-2025-0490,106
LA-2024-0491,0
LA-2021-0492,338
LA-2021-0493,526
LA-2021-0494,7
LA-2023-0495,1
LA-2022-0496,0
LA-2021-0497,71
LA-2021-0498,46
LA-2020-0499,92
LA-2023-0500,6
LA-2025-0501,43
LA-2023-0502,65
LA-2020-0503,166
LA-2024-0504,206
LA-2023-0505,25
LA-2022-0506,17
LA-2021-0507,71
LA-2020-0508,35
LA-2025-0509,23
LA-2022-0510,7
LA-2024-0511,24
LA-2021-0512,426
LA-2021-0513,277
LA-2022-0514,97
LA-2021-0515,34
LA-2023-0516,11
LA-2021-0517,63
LA-2020-0518,264
LA-2022-0519,491
LA-2022-0520,263
LA-2023-0521,24
LA-2025-0522,22
LA-2025-0523,254
LA-2022-0524,321
LA-2022-0525,611
LA-2024-0526,481
LA-2022-0527,132
LA-2024-0528,50
LA-2022-0529,69
LA-2024-0530,51
LA-2022-0531,188
LA-2021-0532,228
LA-2021-0533,24
LA-2024-0534,376
LA-2021-0535,445
LA-2021-0536,0
LA-2021-0537,46
LA-2021-0538,134
LA-2023-0539,74
LA-2023-0540,95
LA-2020-0541,189
LA-2021-0542,25
LA-2022-0543,107
LA-2022-0544,407
LA-2023-0545,37
LA-2024-0546,48
LA-2022-0547,193
LA-2021-0548,737
LA-2021-0549,53
LA-2024-0550,44
LA-2022-0551,65
LA-2023-0552,17
LA-2021-0553,33
LA-2024-0554,88
LA-2022-0555,395
LA-2023-0556,3
LA-2025-0557,291
LA-2025-0558,2
LA-2023-0559,19
LA-2023-0560,241
LA-2022-0561,93
LA-2022-0562,437
LA-2022-0563,381
LA-2023-0564,5
LA-2024-0565,70
LA-2025-0566,0
LA-2023-0567,109
LA-2021-0568,2
LA-2020-0569,108
LA-2021-0570,23
LA-2025-0571,43
LA-2026-0572,63
LA-2025-0573,41
LA-2024-0574,62
LA-2022-0575,32
LA-2021-0576,34
LA-2023-0577,21
LA-2022-0578,46
LA-2025-0579,1
LA-2021-0580,27
LA-2021-0581,57
LA-2023-0582,49
LA-2022-0583,25
LA-2021-0584,770
LA-2021-0585,0
LA-2024-0586,690
LA-2023-0587,184
LA-2024-0588,23
LA-2025-0589,11
LA-2022-0590,23
LA-2023-0591,50
LA-2023-0592,21
LA-2021-0593,24
LA-2025-0594,55
LA-2022-0595,41
LA-2021-0596,31
LA-2024-0597,135
LA-2021-0598,37
LA-2025-0599,157
LA-2026-0600,31
LA-2024-0601,0
LA-2020-0602,27
LA-2024-0603,152
LA-2023-0604,308
LA-2021-0605,2
LA-2022-0606,8
LA-2021-0607,2
LA-2024-0608,81
LA-2024-0609,340
LA-2021-0610,106
LA-2022-0611,1
LA-2020-0612,48
LA-2025-0613,21
LA-2024-0614,19
LA-2025-0615,1
LA-2024-0616,23
LA-2021-0617,53
LA-2022-0618,30
LA-2021-0619,848
LA-2021-0620,0
LA-2023-0621,33
LA-2022-0622,166
LA-2023-0623,131
LA-2025-0624,176
LA-2025-0625,6
LA-2020-0626,5
LA-2024-0627,78
LA-2024-0628,44
LA-2020-0629,35
LA-2024-0630,11
LA-2023-0631,1
LA-2024-0632,490
LA-2025-0633,401
LA-2021-0634,14
LA-2021-0635,257
LA-2023-0636,283
LA-2021-0637,14
LA-2024-0638,100
LA-2023-0639,167
LA-2026-0640,74
LA-2022-0641,38
LA-2026-0642,127
LA-2022-0643,186
LA-2021-0644,0
LA-2021-0645,0
LA-2021-0646,117
LA-2025-0647,150
LA-2024-0648,352
LA-2023-0649,538
LA-2023-0650,25
LA-2022-0651,86
LA-2025-0652,328
LA-2025-0653,547
LA-2024-0654,24
LA-2022-0655,522
LA-2025-0656,18
LA-2024-0657,531
LA-2025-0658,973
LA-2021-0659,173
LA-2021-0660,30
LA-2021-0661,0
LA-2023-0662,253
LA-2022-0663,54
LA-2023-0664,110
LA-2025-0665,598
LA-2025-0666,29
LA-2024-0667,238
LA-2020-0668,2
LA-2022-0669,72
LA-2020-0670,175
LA-2024-0671,302
LA-2025-0672,125
LA-2024-0673,38
LA-2023-0674,62
LA-2022-0675,10
LA-2025-0676,280
LA-2023-0677,242
LA-2024-0678,19
LA-2022-0679,170
LA-2023-0680,481
LA-2026-0681,0
LA-2023-0682,38
LA-2022-0683,86
LA-2022-0684,18
LA-2021-0685,123
LA-2021-0686,38
LA-2025-0687,23
LA-2023-0688,13
LA-2022-0689,0
LA-2026-0690,113
LA-2024-0691,83
LA-2020-0692,137
LA-2022-0693,102
LA-2023-0694,227
LA-2023-0695,17
LA-2022-0696,150
LA-2021-0697,12
LA-2021-0698,37
LA-2024-0699,0
LA-2024-0700,1
LA-2025-0701,214
LA-2024-0702,53
LA-2024-0703,75
LA-2020-0704,241
LA-2024-0705,38
LA-2024-0706,38
LA-2025-0707,117
LA-2024-0708,3
LA-2025-0709,22
LA-2021-0710,66
LA-2024-0711,332
LA-2022-0712,6
LA-2024-0713,44
LA-2023-0714,321
LA-2022-0715,3
LA-2021-0716,41
LA-2023-0717,403
LA-2021-0718,49
LA-2025-0719,23
LA-2025-0720,62
LA-2025-0721,415
LA-2022-0722,103
LA-2023-0723,80
LA-2025-0724,62
LA-2024-0725,94
LA-2021-0726,0
LA-2021-0727,0
LA-2022-0728,38
LA-2020-0729,186
LA-2025-0730,234
LA-2024-0731,22
LA-2022-0732,507
LA-2022-0733,129
LA-2023-0734,8
LA-2025-0735,78
LA-2024-0736,24
LA-2024-0737,0
LA-2023-0738,458
LA-2024-0739,13
LA-2023-0740,22
LA-2021-0741,18
LA-2024-0742,118
LA-2024-0743,19
LA-2025-0744,143
LA-2025-0745,15
LA-2022-0746,2
LA-2023-0747,173
LA-2020-0748,26
LA-2023-0749,0
LA-2024-0750,5
LA-2021-0751,0
LA-2023-0752,3
LA-2022-0753,0
LA-2026-0754,0
LA-2024-0755,21
LA-2021-0756,70
LA-2024-0757,45
LA-2024-0758,211
LA-2022-0759,53
LA-2021-0760,170
LA-2021-0761,449
LA-2024-0762,27
LA-2024-0763,239
LA-2022-0764,79
LA-2020-0765,169
LA-2025-0766,57
LA-2024-0767,52
LA-2024-0768,272
LA-2021-0769,523
LA-2026-0770,63
LA-2024-0771,36
LA-2023-0772,50
LA-2025-0773,0
LA-2021-0774,40
LA-2025-0775,27
LA-2022-0776,10
LA-2022-0777,35
LA-2026-0778,40
LA-2022-0779,66
LA-2024-0780,0
LA-2020-0781,228
LA-2024-0782,257
LA-2024-0783,23
LA-2023-0784,0
LA-2022-0785,11
LA-2020-0786,68
LA-2022-0787,27
LA-2022-0788,13
LA-2020-0789,73
LA-2023-0790,30
LA-2025-0791,62
LA-2024-0792,37
LA-2022-0793,0
LA-2024-0794,48
LA-2024-0795,51
LA-2021-0796,24
LA-2025-0797,210
LA-2024-0798,18
LA-2025-0799,12
LA-2025-0800,70
LA-2022-0801,22
LA-2022-0802,248
LA-2023-0803,67
LA-2021-0804,134
LA-2025-0805,442
LA-2022-0806,1183
LA-2020-0807,29
LA-2025-0808,28
LA-2025-0809,82
LA-2023-0810,19
LA-2021-0811,92
LA-2025-0812,167
LA-2022-0813,49
LA-2022-0814,128
LA-2022-0815,78
LA-2023-0816,2
LA-2024-0817,2
LA-2022-0818,63
LA-2023-0819,94
LA-2023-0820,84
LA-2024-0821,246
LA-2024-0822,2
LA-2025-0823,85
LA-2022-0824,0
LA-2022-0825,0
LA-2023-0826,250
LA-2023-0827,24
LA-2024-0828,33
LA-2022-0829,382
LA-2020-0830,22
LA-2021-0831,171
LA-2021-0832,135
LA-2021-0833,24
LA-2025-0834,92
LA-2022-0835,8
LA-2025-0836,85
LA-2023-0837,6
LA-2022-0838,89
LA-2021-0839,890
LA-2023-0840,122
LA-2021-0841,10
LA-2020-0842,9
LA-2025-0843,483
LA-2020-0844,5
LA-2021-0845,18
LA-2025-0846,4
LA-2022-0847,498
LA-2022-0848,94
LA-2025-0849,94
